Address,Time
北拱街18-20號,2026-03-13 10:57:11
新界東涌文東路,2026-03-13 10:59:18
74-76號山東街,2026-03-13 11:00:58
118眾安街,2026-03-13 11:05:08
安盛中心,2026-03-13 11:05:41
九龍石硤尾偉智里3號田豐樓,2026-03-13 11:06:42
新界元朗良業街1號,2026-03-13 11:30:02
九龍觀塘觀塘繞道,2026-03-13 11:33:02
新界沙田圓洲角路13號,2026-03-13 11:37:25
新界荃灣柴灣角街77-81號致利工業大廈,2026-03-13 11:38:11
香港仔南寧街13號香港仔中心港興閣,2026-03-13 11:39:32
新界沙田大涌橋路20-30號河畔花園E座,2026-03-13 11:41:34
九龍佐敦文苑街48號文耀樓,2026-03-13 11:42:05
九龍佐敦文昌街45號文昌樓,2026-03-13 11:42:16
九龍佐敦文蔚街48號文昌樓,2026-03-13 11:43:28
九龍觀塘駿業街62號京貿中心,2026-03-13 11:50:19
新界元朗良業街1號麗新元朗貨倉,2026-03-13 11:58:12
上環皇后大道中313號永業中心,2026-03-13 11:58:33
跑馬地樂活道2A號,2026-03-13 11:58:36
17号永隆街,2026-03-13 11:59:43
新界荃灣芙蓉街6-8號黃金樓,2026-03-13 12:01:16
17B雲地利道,2026-03-13 12:01:37
58雲地利道,2026-03-13 12:01:51
九龍觀塘鴻圖道25號偉基工業大廈,2026-03-13 12:02:35
新界荃灣享和街51號都城大樓,2026-03-13 12:03:09
新界沙田橫壆街11號好運中心松林閣,2026-03-13 12:04:55
香港仔南寧街14號香港仔中心海湖閣,2026-03-13 12:05:26
